"","X.cohort.","X.treatment.","X.sofa_start.","X.sofa_end.","X.psi.","X.ci.","X.auc.","X.r2."
"1","cohort","treatment","sofa_start","sofa_end","psi","ci","auc","r2"
"2","eICU","rrt","0","5","0.0388967174968453","0.012605942792632, 0.0651874922010585","0.721594899644518","0.128207586894066"
"3","eICU","rrt","6","10","0.017816604516268","-0.00183397810428385, 0.0374671871368198","0.634202394166477","0.0838402745314855"
"4","eICU","rrt","11","15","-0.0865394260279312","-0.130314416409311, -0.0427644356465513","0.609580013778969","0.0481556970622701"
"5","eICU","rrt","16","100","-0.143427219319397","-0.265676277807157, -0.0211781608316364","0.625147405660377","0.0368082568326742"
