"","cohort","treatment","sofa_start","sofa_end","psi","ci","auc","r2"
"1","eICU","ventilation_bin",0,5,"0.112329286378746","0.102554231191354, 0.122104341566138","0.66395339233488","0.127633606796522"
"2","eICU","ventilation_bin",6,10,"0.113327748891969","0.0971046462643518, 0.129550851519585","0.677297735314645","0.0861051404073754"
"3","eICU","ventilation_bin",11,15,"0.0479662860380305","-0.0182723846095384, 0.114204956685599","0.662150390247453","0.0474421198840054"
"4","eICU","ventilation_bin",16,100,"-0.300503781377547","-0.37173902222302, -0.229268540532074","0.5","0.0361404998846864"
