"","cohort","treatment","sofa_start","sofa_end","psi","ci","auc","r2"
"1","eICU","rrt",0,5,"0.0320531865400113","0.00561477145758183, 0.0584916016224408","0.717918516041657","0.127547675929265"
"2","eICU","rrt",6,10,"0.0110116816103693","-0.0109919312089298, 0.0330152944296685","0.640562411014464","0.0855838679447906"
"3","eICU","rrt",11,15,"-0.108299135851761","-0.157289811591464, -0.0593084601120573","0.59633386682633","0.0495944854548662"
"4","eICU","rrt",16,100,"-0.129408089966541","-0.264806635884615, 0.0059904559515323","0.609501296324539","0.0634871297240427"
