"","X.cohort.","X.treatment.","X.sofa_start.","X.sofa_end.","X.psi.","X.ci.","X.auc.","X.r2."
"1","cohort","treatment","sofa_start","sofa_end","psi","ci","auc","r2"
"2","eICU","ventilation_bin","0","5","0.113103927544906","0.104192764356882, 0.122015090732931","0.668810881626734","0.128403002851681"
"3","eICU","ventilation_bin","6","10","0.108382575037132","0.0935502226274904, 0.123214927446773","0.677939947737509","0.0837309961005345"
"4","eICU","ventilation_bin","11","15","0.0451551053248508","-0.0174464988939139, 0.107756709543615","0.674517689572769","0.0465435535539331"
"5","eICU","ventilation_bin","16","100","-0.299567279828953","-0.363651708924024, -0.235482850733883","0.5","0.0162635038582631"
