"","X.cohort.","X.treatment.","X.sofa_start.","X.sofa_end.","X.psi.","X.ci.","X.auc.","X.r2."
"1","cohort","treatment","sofa_start","sofa_end","psi","ci","auc","r2"
"2","eICU","pressor","0","5","0.0829789473167911","0.07519394233352, 0.0907639523000622","0.649504901936336","0.127716957580044"
"3","eICU","pressor","6","10","0.135794454352043","0.12132286915446, 0.150266039549627","0.664306771522482","0.0844601327950275"
"4","eICU","pressor","11","15","0.189404018788901","0.11334058465199, 0.265467452925811","0.733647137829401","0.0461871296549999"
"5","eICU","pressor","16","100","","","","0.0174111244567172"
