"","cohort","treatment","sofa_start","sofa_end","psi","ci","auc","r2"
"1","eICU","pressor",0,5,"0.084500969961478","0.0759923600940786, 0.0930095798288775","0.645821406996174","0.127213477206591"
"2","eICU","pressor",6,10,"0.131700518686246","0.115647513096081, 0.147753524276412","0.668650101379819","0.0847947831066204"
"3","eICU","pressor",11,15,"0.205298901027717","0.120496805610047, 0.290100996445386","0.708937573074196","0.043834130839572"
"4","eICU","pressor",16,100,"","","","0.000268495906845079"
