"","outcome","treatment","cohort","race","prob_mort_start","prob_mort_end","psi","i_ci","s_ci","pvalue","n","SL_libraries","Q_weights","g_weights"
"1","blood_yes","mv_elig","MIMIC","all","0","0.06","0.0552150025606226","0.0454362300452247","0.0649937750760204","1.81426992927584e-28","3863","SL.glm SL.glmnet SL.ranger SL.earth SL.mean","0.227340656388658 0 0.556499803823871 0.216159539787471 0","0 0 0.359939016203458 0.640060983796542 0"
"2","blood_yes","mv_elig","MIMIC","all","0.06","0.11","0.0234940468170709","0.0135835485653777","0.0334045450687641","3.37745936809528e-06","4506","SL.glm SL.glmnet SL.ranger SL.earth SL.mean","0.240697186442471 0.0473680239132413 0.569135663588898 0.142799126055389 0","0.0116877734864496 0 0.356039337825951 0.632272888687599 0"
"3","blood_yes","mv_elig","MIMIC","all","0.11","0.21","0.0369517835158883","0.0230798394967641","0.0508237275350126","1.77954278056308e-07","4161","SL.glm SL.glmnet SL.ranger SL.earth SL.mean","0.0835157282902497 0 0.625465350206357 0.291018921503393 0","0.0476246866082418 0 0.31739742915725 0.634977884234508 0"
"4","blood_yes","mv_elig","MIMIC","all","0.21","1","0.0201087611225654","0.00573853197199807","0.0344789902731327","0.00609370479783931","3913","SL.glm SL.glmnet SL.ranger SL.earth SL.mean","0.0792481965223916 0.0511632291688292 0.736133803047526 0.133454771261253 0","0.162585171585759 0 0.125561897489351 0.71185293092489 0"
"5","blood_yes","rrt_elig","MIMIC","all","0","0.06","-0.034162458624767","-0.0422304449414329","-0.0260944723081012","1.04750640451209e-16","3863","SL.glm SL.glmnet SL.ranger SL.earth SL.mean","0.174313537282792 0.0198137213620823 0.64502987041174 0.160842870943386 0","0 0.416303932318041 0.560042518740605 0.0236535489413537 0"
