"","outcome","treatment","cohort","race","prob_mort_start","prob_mort_end","psi","i_ci","s_ci","pvalue","n","SL_libraries","Q_weights","g_weights"
"1","blood_yes","mech_vent","MIMIC","all","0","0.1","0.0517517380998925","0.0321864786001098","0.0713169975996753","2.16754450352833e-07","8670","SL.glm SL.glmnet","0.15300781511434 0.84699218488566","0.800655673031423 0.199344326968577"
"2","blood_yes","mech_vent","MIMIC","all","0.1","0.2","0.0315194870288873","0.00148189358307705","0.0615570804746975","0.0397154890807358","4785","SL.glm SL.glmnet","0.0602388354902165 0.939761164509784","0.0870038656190503 0.91299613438095"
"3","blood_yes","mech_vent","MIMIC","all","0.2","0.3","0.0617185135107555","0.03037121982652","0.0930658071949911","0.000113865607161459","2148","SL.glm SL.glmnet","0 1","0.2187176446896 0.7812823553104"
"4","blood_yes","mech_vent","MIMIC","all","0.3","1","0.0498810765589898","0.0228984738970525","0.0768636792209271","0.000290832864234475","2840","SL.glm SL.glmnet","0 1","0.625910198379825 0.374089801620175"
"5","blood_yes","rrt","MIMIC","all","0","0.1","0.00351091035939632","-0.00803472092341007","0.0150565416422027","0.551164345382778","8670","SL.glm SL.glmnet","0.165704314906426 0.834295685093574","0.045951865199735 0.954048134800265"
