"","outcome","treatment","cohort","race","prob_mort_start","prob_mort_end","psi","i_ci","s_ci","pvalue","n","SL_libraries","Q_weights","g_weights"
"1","blood_yes","mech_vent","MIMIC","all","0","0.1","0.0923216638268732","0.0508926083586738","0.133750719295073","1.25551041704478e-05","1191","SL.glm SL.mean","0.429067379710916 0.570932620289084","0.733291471248627 0.266708528751373"
"2","blood_yes","mech_vent","MIMIC","all","0.1","0.2","0.185925092311149","0.0901923511654881","0.281657833456809","0.000140908610322716","433","SL.glm SL.mean","0.0883905200195157 0.911609479980484","0.790864240995868 0.209135759004132"
"3","blood_yes","mech_vent","MIMIC","all","0.2","0.3","0.0168438056546317","-0.0124993850693151","0.0461869963785786","0.26054904099738","163","SL.glm SL.mean","0.32619573039102 0.67380426960898","0.869460913013653 0.130539086986347"
"4","blood_yes","mech_vent","MIMIC","all","0.3","1","0.0544810823765205","0.0256565174297111","0.0833056473233298","0.000211740851553291","252","SL.glm SL.mean","0.448875805649476 0.551124194350524","0.873142492566019 0.126857507433981"
"5","blood_yes","rrt","MIMIC","all","0","0.1","-0.0349750535962674","-0.0458629715732189","-0.0240871356193158","3.05284506735097e-10","1191","SL.glm SL.mean","0.349828315033113 0.650171684966887","0.587734352143345 0.412265647856655"
"6","blood_yes","rrt","MIMIC","all","0.1","0.2","-0.0423031008814399","-0.062082481647545","-0.0225237201153348","2.76572967322845e-05","433","SL.glm SL.mean","0.153798475247919 0.846201524752081","0.361589768101141 0.638410231898858"
