"","outcome","treatment","cohort","race","prob_mort_start","prob_mort_end","psi","i_ci","s_ci","pvalue","n","SL_libraries","Q_weights","g_weights"
"1","insulin_yes","mv_elig","MIMIC","all","0","0.06","0.054926526509445","0.0255487962065072","0.0843042568123827","0.000247779423643142","3889","SL.glm SL.mean","0.993824567828422 0.00617543217157832","0.943943647678314 0.0560563523216864"
"2","insulin_yes","mv_elig","MIMIC","all","0.06","0.11","0.0404263119357078","0.0122738226882509","0.0685788011831647","0.00488510699029475","4552","SL.glm SL.mean","0.996766074768768 0.00323392523123192","0.978271844068718 0.0217281559312822"
"3","insulin_yes","mv_elig","MIMIC","all","0.11","0.21","0.0256232421684484","-0.00755154947036722","0.058798033807264","0.130064680682804","4208","SL.glm SL.mean","0.979913592071473 0.0200864079285273","0.996038646955561 0.00396135304443922"
"4","insulin_yes","mv_elig","MIMIC","all","0.21","1","0.0236710299421951","-0.00769688173085474","0.055038941615245","0.139122616155934","4009","SL.glm SL.mean","0.991562357442212 0.00843764255778836","0.984871201704355 0.0151287982956454"
"5","insulin_yes","rrt_elig","MIMIC","all","0","0.06","0.0194969382382064","0.00127103451909318","0.0377228419573197","0.0360213719750269","3889","SL.glm SL.mean","0.983969893297273 0.0160301067027274","0.907087339409381 0.0929126605906194"
