,"cohort","treatment","sofa_start","sofa_end","psi","ci","auc","r2"
"1","MIMIC","pressor","0","5","-0.0881861607032474","-0.105709744793061, -0.0706625766134335","0.750187537197033","0.147091140907428"
"2","MIMIC","pressor","6","10","-0.0921980219122015","-0.111831476505339, -0.0725645673190636","0.699094238319248","0.126881932236456"
"3","MIMIC","pressor","11","15","-0.00494394001711351","-0.0613523945519622, 0.0514645145177351","0.726586489118687","0.0844555922676381"
"4","MIMIC","pressor","16","100","-0.116987999008304","-0.256280253198374, 0.0223042551817661","0.5","0.0521663233496097"
