,"cohort","treatment","sofa_start","sofa_end","psi","ci","auc","r2"
"1","MIMIC","rrt","0","5","0.199845513183675","0.129951152746443, 0.269739873620908","0.830752150910481","0.146338967259693"
"2","MIMIC","rrt","6","10","0.169541295701217","0.132863850654814, 0.20621874074762","0.732961011519388","0.125139743791335"
"3","MIMIC","rrt","11","15","0.0445069896682944","0.00717045991576743, 0.0818435194208213","0.663951081893634","0.0863372512408001"
"4","MIMIC","rrt","16","100","-0.0594384374763218","-0.133337539481345, 0.0144606645287015","0.623405797101449","0.0509326042647646"
