"","treatment","race","sev_start","sev_end","psi","i_ci","s_ci","pvalue","n","g_SVM","g_XGBoost","Q_SVM","Q_XGBoost","g_AUC","Q_R2"
"1","ventilation_bin","non-white",11,100,-0.0161504133639596,-0.108662146870603,0.0763613201426842,0.732222388464112,971,0.0671568452560391,0.932843154743961,0,1,0.705344565539739,0.0609614799944289
