"","treatment","race","sev_start","sev_end","psi","i_ci","s_ci","pvalue","n","g_XGBoost","g_SVM","Q_XGBoost","Q_SVM","g_AUC","Q_R2"
"1","ventilation_bin","non-white",52,100,0.129599038648878,0.0946560182197072,0.16454205907805,3.61139495864532e-13,1445,1,0,0.665813078702505,0.334186921297496,0.917658101514479,0.162536181961079
