"","treatment","race","sev_start","sev_end","psi","i_ci","s_ci","pvalue","n","g_XGBoost","g_SVM","Q_XGBoost","Q_SVM","g_AUC","Q_R2"
"1","pressor","all",0,3,0.0478485949957781,0.0380858014129763,0.05761138857858,7.52835087140046e-22,20753,0.717281343144151,0.282718656855849,1,0,0.757742495090783,0.181861515183694
